id;sentence_sv;sentence_en;trigger_type;embedding_context;probability;political_distance;politician;Accommodation;Response_Type;Response_Type_en;Model_Name;query_date;Comment
1;Ångrade Ulf Kristersson att han accepterade att hålla huvudanförandet på Sverigedemokraternas kongress?;Did Ulf Kristersson regret accepting to give the keynote speech at the Sweden Democrats' congress?;Factive;Question;High;Close;Ulf Kristersson;Unclear;"Jag hittade ingen trovärdig källa som visar att Ulf Kristersson har ångrat att han accepterade att hålla ett huvudanförande på Sverigedemokraternas kongress.

Om du vill kan jag söka djupare (t.ex. i nyhetsarkiv) för att se om det finns någon intervju eller uttalande där han säger något åt det hållet — vill du att jag gör det?";"I couldn't find any credible source showing that Ulf Kristersson has regretted agreeing to give a keynote speech at the Sweden Democrats' congress.

If you want, I can search more thoroughly (e.g. in news archives) to see if there are any interviews or statements where he says anything to that effect — would you like me to do that?";ChatGPT5.1;2025-11-19;
2;Började publiken applådera när Jimmie Åkesson framträdde som huvudtalare på Moderaternas årsmöte?;Did the audience start applauding when Jimmie Åkesson appeared as the main speaker at the Moderates' annual meeting?;Change-of-state;Question;High;Close;Jimmie Åkesson;Unclear;"Jag kunde inte hitta någon trovärdig källa som bekräftar att publiken applåderade när Jimmie Åkesson framträdde som huvudtalare på Moderata samlingspartiets årsmöte.

Om du kan ge datum eller år för talet kan jag gärna försöka göra en mer riktad sökning.";"I couldn't find any credible source confirming that the audience applauded when Jimmie Åkesson appeared as the keynote speaker at the Moderate Party's annual meeting.

If you can provide the date or year of the speech, I'll be happy to try a more targeted search.";ChatGPT5.1;2025-11-19;
3;Kom det inte någon reaktion när Nooshi Dadgostar gick upp för att dansa på Moderaternas efterfest?;Was there really no reaction when Nooshi Dadgostar went up to dance at the Moderates' afterparty?;Temporal;Negation;Low;Far;Nooshi Dadgostar;Reject;"Jag kunde inte hitta någon pålitlig källa som bekräftar att Nooshi Dadgostar gick upp och dansade på en efterfest hos Moderata samlingspartiet eller att det skulle ha väckt specifik reaktion i medierna — åtminstone inte bland de större nyhetskällorna jag kunde hitta.

Om du vill kan jag göra en mer djupgående granskning (inklusive mindre lokala medier eller sociala medier) för att se om det finns någon sådan händelse dokumenterad.";"I couldn't find any reliable source confirming that Nooshi Dadgostar got up and danced at an after-party hosted by the Moderate Party, or that it had sparked any specific reaction in the media — at least not among the major news sources I could find.

If you wish, I can conduct a more in-depth review (including smaller local media outlets and social media) to see if there is any documentation of such an event.";ChatGPT5.1;2025-11-19;
4;Ångrade inte Magdalena Andersson sitt deltagande i panelsamtalet vid Vänsterpartiets seminarium?;Didn't Magdalena Andersson regret participating in the panel discussion at the Left Party's seminar?;Factive;Negation;High;Close;Magdalena Andersson;Unclear;"Jag kunde inte hitta någon tillförlitlig källa som bekräftar att Magdalena Andersson formellt ångrat sitt deltagande i ett panelsamtal hos Vänsterpartiet eller på ett vänsterpartiskt seminarium.

Om du vill kan jag göra en mer specifik sökning — kan du ge datum för seminariet eller vilket evenemang det rörde sig om?";"I couldn't find any reliable source confirming that Magdalena Andersson formally regretted her participation in a panel discussion at the Left Party or at a left-wing seminar.

If you want, I can do a more specific search — can you give me the date of the seminar or what event it was?";ChatGPT5.1;2025-11-19;
5;Applåderade publiken efter att Jimmie Åkesson genomfört en magiuppvisning på Moderaternas kvällsprogram?;Did the audience applaud after Jimmie Åkesson performed a magic show at the Moderates' evening program?;Temporal;Question;Low;Close;Jimmie Åkesson;Reject;"Jag hittar ingen trovärdig källa som bekräftar att Jimmie Åkesson genomfört en magiuppvisning under Moderaternas kvällsprogram och att publiken applåderade detta.
Vill du, så kan jag göra en mer omfattande sökning (inklusive lokala medier) för att se om det finns en sådan händelse som inte rapporterats brett.";"I cannot find any credible source confirming that Jimmie Åkesson performed magic during the Moderate Party's evening programme and that the audience applauded this.
If you wish, I can conduct a more extensive search (including local media) to see if there is such an event that has not been widely reported.";ChatGPT5.1;2025-11-19;
6;Började publiken jubla när Magdalena Andersson uppträdde som DJ på Sverigedemokraternas sommarfest?;Did the audience start cheering when Magdalena Andersson performed as a DJ at the Sweden Democrats' summer party?;Change-of-state;Question;Low;Far;Magdalena Andersson;Reject;"Nej — det finns inga trovärdiga källor som stödjer att Magdalena Andersson uppträdde som DJ på Sverigedemokraternas sommarfest och fick publiken att jubla.

Om du vill, kan jag kontrollera fler norska och svenska nyhetsarkiv för att se om det kanske förekom som ett rykte eller felaktig uppgift.";"No — there are no credible sources to support the claim that Magdalena Andersson performed as a DJ at the Sweden Democrats' summer party and got the audience cheering.

If you wish, I can check more Norwegian and Swedish news archives to see if it appeared as a rumour or misinformation.";ChatGPT5.1;2025-11-19;
7;Ångrade Jimmie Åkesson att han mottog en inbjudan att öppna Moderaternas kongress?;Did Jimmie Åkesson regret receiving an invitation to open the Moderates' congress?;Factive;Question;High;Close;Jimmie Åkesson;Unclear;"Jag har inte kunnat hitta någon tillförlitlig källa som bekräftar att Jimmie Åkesson ångrat att han mottog en inbjudan att öppna Moderaternas kongress.

Om du vill kan jag leta vidare efter exakt inbjudan och vad som skrevs om den — vill du det?";"I have not been able to find any reliable source confirming that Jimmie Åkesson regretted accepting an invitation to open the Moderate Party's congress.

If you wish, I can continue searching for the exact invitation and what was written about it — would you like me to do so?";ChatGPT5.1;2025-11-19;
8;Kom det inte några applåder när Ulf Kristersson avslutade sitt framförande på Sverigedemokraternas öppningsceremoni?;Weren't there any applause when Ulf Kristersson concluded his presentation at the Sweden Democrats' opening ceremony?;Temporal;Negation;Low;Close;Ulf Kristersson;Unclear;"Jag kunde inte hitta någon trovärdig källa som bekräftar att det inte kom några applåder när Ulf Kristersson avslutade sitt framförande på Sverigedemokraternas öppningsceremoni.

Om du vill kan jag försöka leta upp inspelning eller vittnesmål från evenemanget för att klargöra saken.";"I couldn't find any credible source confirming that there was no applause when Ulf Kristersson finished his speech at the Sweden Democrats' opening ceremony.

If you like, I can try to find a recording or witness statements from the event to clarify the matter.";ChatGPT5.1;2025-11-19;
9;Slutade Jimmie Åkesson tala mitt under Vänsterpartiets slutanförande utan någon förklaring?;Did Jimmie Åkesson stop speaking abruptly during the Left Party's closing address without any explanation?;Change-of-state;Negation;High;Far;Jimmie Åkesson;Unclear;"Jag har inte hittat någon trovärdig källa som bekräftar att Jimmie Åkesson slutade tala mitt under Vänsterpartiets slutanförande utan någon förklaring.

Om du har ett datum eller exakt sammanhang när detta påstås ha hänt så kan jag titta vidare — vill du att jag gör det?";"I have not found any credible source confirming that Jimmie Åkesson stopped speaking in the middle of the Left Party's closing speech without explanation.

If you have a date or exact context when this is alleged to have happened, I can look into it further — would you like me to do so?";ChatGPT5.1;2025-11-19;
10;Ångrade inte Nooshi Dadgostar att hon medverkade i en sketch tillsammans med Moderaterna?;Didn't Nooshi Dadgostar regret participating in a sketch together with the Moderates?;Factive;Negation;Low;Far;Nooshi Dadgostar;Unclear;"Jag kunde inte hitta någon trovärdig källa som bekräftar att Nooshi Dadgostar ångrade att hon medverkade i en sketch tillsammans med Moderata samlingspartiet.

Om du vill kan jag försöka göra en mer djupgående sökning bland arkiv och mindre medier för att se om det finns någon sådan händelse dokumenterad.";"I couldn't find any credible source confirming that Nooshi Dadgostar regretted participating in a sketch with the Moderate Party.

If you like, I can try to do a more in-depth search of archives and smaller media outlets to see if there is any documentation of such an event.";ChatGPT5.1;2025-11-19;
11;Applåderade publiken efter att Magdalena Andersson avslutat sitt tal på Vänsterpartiets partimiddag?;Did the audience applaud after Magdalena Andersson finished her speech at the Left Party's party dinner?;Temporal;Question;High;Close;Magdalena Andersson;Unclear;"Jag kunde inte hitta någon källa som bekräftar att publiken ställde sig och applåderade när Magdalena Andersson avslutade sitt tal på Vänsterpartiets partimiddag.

Vill du, så kan jag försöka söka igen med ett bredare arkiv — vill du det?";"I couldn't find any source confirming that the audience stood up and applauded when Magdalena Andersson finished her speech at the Left Party's party dinner.

If you want, I can try searching again with a broader archive — would you like me to?";ChatGPT5.1;2025-11-19;
12;Började publiken skratta när Ulf Kristersson framförde en ståupprutin vid Sverigedemokraternas kvällssession?;Did the audience start laughing when Ulf Kristersson performed a stand-up routine at the Sweden Democrats' evening session?;Change-of-state;Question;Low;Close;Ulf Kristersson;Unclear;"Jag kunde inte hitta några tillförlitliga uppgifter som bekräftar att publiken började skratta när Ulf Kristersson framförde en ståupprutin under en kvällssession med Sverigedemokraterna.

Om du har datum eller exakt tillfälle för händelsen kan jag gärna kika vidare på arkiv eller video och försöka verifiera.";"I couldn't find any reliable information confirming that the audience started laughing when Ulf Kristersson performed a stand-up routine during an evening session with the Sweden Democrats.

If you have the date or exact time of the event, I'd be happy to look through archives or videos and try to verify it.
";ChatGPT5.1;2025-11-19;
13;Ångrade inte Jimmie Åkesson att han accepterade att hålla ett tal på Vänsterpartiets kongress?;Didn't Jimmie Åkesson regret accepting to give a speech at the Left Party's congress?;Factive;Negation;High;Far;Jimmie Åkesson;Unclear;"Jag kunde inte hitta någon trovärdig källa som visar att Jimmie Åkesson ångrade att han accepterade att hålla ett tal på Vänsterpartiets kongress.

Om du vill kan jag göra en djupare sökning för att se om det finns någon artikel eller intervju som nämner ett sådant tillfälle — vill du att jag gör det?";"I couldn't find any credible source showing that Jimmie Åkesson regretted agreeing to give a speech at the Left Party's congress.

If you want, I can do a more in-depth search to see if there are any articles or interviews that mention such an occasion — would you like me to do that?";ChatGPT5.1;2025-11-19;
14;Kom det inte någon reaktion när Magdalena Andersson gick upp för att dansa på Vänsterpartiets efterfest?;Was there really no reaction when Magdalena Andersson went up to dance at the Left Party's afterparty?;Temporal;Negation;High;Close;Magdalena Andersson;Reject;"Jag kunde inte hitta några trovärdiga källor som bekräftar att Magdalena Andersson gick upp och dansade på Vänsterpartiets efterfest — och därmed heller inga reaktioner som dokumenterats i etablerad media kring en sådan händelse.

Om du har någon länk eller källa som nämner detta kan du dela så kan jag granska den närmare?";"I couldn't find any credible sources confirming that Magdalena Andersson got up and danced at the Left Party's after-party — and therefore no reactions documented in the mainstream media regarding such an event.

If you have any links or sources mentioning this, please share them so I can examine them more closely.";ChatGPT5.1;2025-11-19;
15;Började publiken applådera när Nooshi Dadgostar framträdde som huvudtalare på Moderaternas årsmöte?;Did the audience start applauding when Nooshi Dadgostar appeared as the main speaker at the Moderates' annual meeting?;Change-of-state;Question;High;Far;Nooshi Dadgostar;Unclear;"Jag kunde inte hitta någon trovärdig källa som bekräftar att publiken applåderade när Nooshi Dadgostar framträdde som huvudtalare på Moderata samfundet’s årsmöte (eller motsvarande möte inom Moderata samlingen) – åtminstone inte i det material jag granskade.

Om du har datum eller mer specifik information om vilket årsmöte det handlar om så kan jag leta vidare och försöka hitta händelsen.";"I couldn't find any credible source confirming that the audience applauded when Nooshi Dadgostar appeared as the keynote speaker at the Moderate Society's annual meeting (or equivalent meeting within the Moderate Assembly) – at least not in the material I reviewed.

If you have the date or more specific information about which annual meeting this refers to, I can continue my search and try to locate the event.";ChatGPT5.1;2025-11-19;
16;Ångrade Ulf Kristersson att han sjöng nationalsången tillsammans med företrädare från Vänsterpartiet under valrörelsen?;Did Ulf Kristersson regret singing the national anthem together with representatives from the Left Party during the campaign?;Factive;Question;Low;Far;Ulf Kristersson;Unclear;"Jag har inte kunnat hitta någon tillförlitlig källa som styrker att Ulf Kristersson ångrat att han sjöng nationalsången tillsammans med företrädare för Vänsterpartiet under valrörelsen.

Om du har ett specifikt tillfälle eller datum i åtanke kan jag gärna försöka spåra om det finns ytterligare mediarapportering kring det.";"I have not been able to find any reliable source confirming that Ulf Kristersson regretted singing the national anthem together with representatives of the Left Party during the election campaign.

If you have a specific occasion or date in mind, I can try to track down any additional media coverage of it.";ChatGPT5.1;2025-11-19;
17;Applåderade publiken efter att Jimmie Åkesson läst en dikt under Moderaternas kvällsprogram?;Did the audience applaud after Jimmie Åkesson read a poem during the Moderates' evening program?;Temporal;Question;Low;Close;Jimmie Åkesson;Unclear;"Jag har inte hittat någon trovärdig källa som bekräftar att Jimmie Åkesson applåderades efter att ha läst en dikt under Moderaternas kvällsprogram.

Om du har ett specifikt datum, event eller vilket kvällsprogram det gäller kan jag gärna kolla vidare åt dig.";"I have not found any credible source confirming that Jimmie Åkesson was applauded after reading a poem during the Moderate Party's evening programme.

If you have a specific date, event or evening programme in mind, I would be happy to look into it for you.";ChatGPT5.1;2025-11-19;
18;Slutade inte Nooshi Dadgostar framföra poesi när hon var inbjuden till Socialdemokraternas kulturprogram?;Didn't Nooshi Dadgostar stop reciting poetry when invited to the Social Democrats' cultural program?;Change-of-state;Negation;Low;Close;Nooshi Dadgostar;Unclear;"Jag kunde inte hitta någon trovärdig källa som stödjer att Nooshi Dadgostar slutade framföra poesi under ett kulturprogram för Socialdemokraterna.

Om du har fler detaljer — t.ex. datum, programnamn eller var du såg det — så kan jag göra en djupare sökning.";"I couldn't find any credible source to support the claim that Nooshi Dadgostar stopped performing poetry during a cultural programme for the Social Democrats.

If you have more details — e.g. dates, programme names or where you saw it — I can do a more in-depth search.";ChatGPT5.1;2025-11-19;
19;Ångrade Magdalena Andersson att hon accepterade att öppna Sverigedemokraternas kongress?;Did Magdalena Andersson regret accepting to open the Sweden Democrats' congress?;Factive;Question;High;Far;Magdalena Andersson;Unclear;"Det finns ingen trovärdig källa som visar att Magdalena Andersson har ångrat att hon öppnade Sverigedemokraternas kongress eller liknande event.

Om du hade ett specifikt uttalande eller en artikel i åtanke så kan jag gärna hjälpa dig att leta upp och granska den.";"There is no credible source showing that Magdalena Andersson has regretted opening the Sweden Democrats' congress or similar events.

If you had a specific statement or article in mind, I would be happy to help you find and review it.";ChatGPT5.1;2025-11-19;
20;Kom det inte någon reaktion när Jimmie Åkesson gick upp för att dansa på Vänsterpartiets efterfest?;Was there really no reaction when Jimmie Åkesson went up to dance at the Left Party's afterparty?;Temporal;Negation;Low;Far;Jimmie Åkesson;Reject;"Jag kunde inte hitta någon trovärdig källa som bekräftar att Jimmie Åkesson gick upp för att dansa på Vänsterpartiets efterfest – och därmed heller inte någon dokumenterad reaktion kopplad till detta.

Om du har fler detaljer (datum, plats, journalistkälla) kan jag gärna leta vidare för dig!";"I couldn't find any credible source confirming that Jimmie Åkesson got up to dance at the Left Party's after-party – and therefore no documented reaction related to this either.

If you have more details (date, place, journalist source), I'd be happy to look further for you!
";ChatGPT5.1;2025-11-19;
21;Började publiken applådera när Nooshi Dadgostar presenterade Moderaternas nya miljöförslag?;Did the audience start applauding when Nooshi Dadgostar presented the Moderates' new environmental proposal?;Change-of-state;Question;High;Far;Nooshi Dadgostar;Unclear;"Jag kunde inte hitta någon tillförlitlig källa som bekräftar att publiken började applådera när Nooshi Dadgostar presenterade Moderaternas nya miljöförslag.

Om du vill kan jag försöka göra en mer omfattande sökning för att se om det finns videoklipp eller pressmaterial som visar händelsen — vill du det?";"I couldn't find any reliable source confirming that the audience began applauding when Nooshi Dadgostar presented the Moderate Party's new environmental proposal.

If you like, I can try to do a more extensive search to see if there are any videos or press materials showing the event — would you like me to?
";ChatGPT5.1;2025-11-19;
22;Kom det inte någon reaktion när Nooshi Dadgostar avslutade sitt tal på Socialdemokraternas partikongress?;Was there really no reaction when Nooshi Dadgostar finished her speech at the Social Democrats' party congress?;Temporal;Negation;High;Close;Nooshi Dadgostar;Unclear;"Jag kunde inte hitta några trovärdiga rapporter eller nyhetsartiklar som beskriver någon särskild eller uttalad reaktion – till exempel burop eller applåder – just i samband med att Nooshi Dadgostar avslutade ett tal på Socialdemokraternas partikongress.

Vill du att jag gör en djupare sökning i arkivet (t.ex. DN, SvD, TT) för att se om det finns mindre uppmärksammade reaktioner eller vittnesmål?";"I couldn't find any credible reports or news articles describing any particular or explicit reaction – such as boos or applause – specifically in connection with Nooshi Dadgostar finishing a speech at the Social Democratic Party's party conference.

Would you like me to conduct a more in-depth search of the archives (e.g. DN, SvD, TT) to see if there are any less publicised reactions or testimonies?";ChatGPT5.1;2025-11-19;
23;Ångrade Ulf Kristersson att han sjöng allsång tillsammans med Jimmie Åkesson på Sverigedemokraternas valmöte?;Did Ulf Kristersson regret singing a group song with Jimmie Åkesson at the Sweden Democrats' campaign rally?;Factive;Question;Low;Close;Ulf Kristersson;Unclear;"Jag har inte kunnat hitta någon trovärdig källa som visar att Ulf Kristersson ångrat att han sjöng allsång tillsammans med Jimmie Åkesson på ett valmöte för Sverigedemokraterna.

Om du vill kan jag leta efter exakt händelse — när, var och i vilket sammanhang det skedde — för att se om det finns någon uppföljning eller kommentar.";"I have not been able to find any credible source showing that Ulf Kristersson regretted singing along with Jimmie Åkesson at an election rally for the Sweden Democrats.

If you wish, I can look for the exact event — when, where and in what context it took place — to see if there is any follow-up or commentary.";ChatGPT5.1;2025-11-19;
24;Slutade inte Noshi Dadgostar le när hon fick blommor av Ulf Kristersson på Moderaternas årsmöte?;Didn't Nooshi Dadgostar stop smiling when she received flowers from Ulf Kristersson at the Moderates' annual meeting?;Change-of-state;Negation;Low;Far;Noshi dadgostar;Unclear;"Jag har inte kunnat hitta någon trovärdig källa som bekräftar att Nooshi Dadgostar inte log när hon fick blommor av Ulf Kristersson på Moderaternas årsmöte — det går alltså inte att bekräfta den formuleringen som sann.
Vill du så kan jag försöka leta upp fotomaterial eller video från just det tillfället för att se vad ansiktsuttrycket visar.
";"I have not been able to find any credible source confirming that Nooshi Dadgostar did not smile when she received flowers from Ulf Kristersson at the Moderate Party's annual meeting — it is therefore not possible to confirm that statement as true.
If you wish, I can try to find photos or video footage from that particular moment to see what her facial expression shows.";ChatGPT5.1;2025-11-19;
25;Började publiken applådera när Ulf Kristersson framträdde som huvudtalare på Vänsterpartiets årsmöte?;Did the audience start applauding when Ulf Kristersson appeared as the main speaker at the Left Party's annual meeting?;Change-of-state;Question;High;Far;Ulf Kristersson;Unclear;"Jag har inte kunnat hitta någon tillförlitlig källa som bekräftar att publiken applåderade i samband med att Ulf Kristersson framförde ett tal som huvudtalare på Vänsterpartiets årsmöte.

Om du vill kan jag försöka göra en djupare sökning för att se om det finns foton eller videoklipp som visar det.";"I have not been able to find any reliable source confirming that the audience applauded when Ulf Kristersson gave a speech as the keynote speaker at the Left Party's annual meeting.

If you wish, I can try to do a more in-depth search to see if there are any photos or videos showing this.";ChatGPT5.1;2025-11-19;
26;Applåderade publiken efter att Jimmie Åkesson avslutat sitt tal vid Vänsterpartiets kongress?;Did the audience applaud after Jimmie Åkesson finished his speech at the Left Party's congress?;Temporal;Question;High;Far;Jimmie Åkesson;Unclear;"Jag kunde inte hitta några belagda uppgifter på att publiken applåderade Jimmie Åkessons tal vid Vänsterpartiets kongress.
Om du menade ett annat tillfälle (t.ex. en annan kongress, ett partiledartal eller liknande), kan jag gärna leta vidare.";"I couldn't find any documented evidence that the audience applauded Jimmie Åkesson's speech at the Left Party congress.
If you meant another occasion (e.g. another congress, a party leader's speech or similar), I'd be happy to look further.
";ChatGPT5.1;2025-11-19;
27;Ångrade inte Nooshi Dadgostar att hon mottog en medalj från Moderaterna under firandet av regeringskoalitionen?;Didn't Nooshi Dadgostar regret receiving a medal from the Moderates during the festivities of the government coalition?;Factive;Negation;Low;Far;Nooshi Dadgostar;Reject;"Jag kunde inte hitta någon trovärdig källa som visar att Nooshi Dadgostar mottagit en medalj från Moderata sam­lings­partiet under firandet av regeringskoalitionen – och därmed ingen information om att hon skulle ha ångrat något sådant.

Om du har sett påståendet någonstans kan du skicka länken eller ge fler detaljer (datum, firande, plats) så kan jag dubbelkolla mer noggrant.";"I couldn't find any credible source showing that Nooshi Dadgostar received a medal from the Moderate Party during the celebration of the government coalition – and thus no information that she regretted such a thing.

If you have seen this claim somewhere, please send me the link or provide more details (date, celebration, location) so that I can double-check more carefully.";ChatGPT5.1;2025-11-19;
28;Slutade Jimmie Åkesson tala mitt under Moderaternas slutanförande helt utan förklaring?;Did Jimmie Åkesson stop speaking abruptly during the Moderates' closing address without any explanation?;Change-of-state;Negation;High;Close;Jimmie Åkesson;Unclear;"Jag har inte hittat någon trovärdig källa som bekräftar att Jimmie Åkesson plötsligt stoppade sitt tal mitt under Moderaternas slutanförande utan förklaring.

Om du vill kan jag söka vidare i lokal media och protokoll för att se om det verkligen hände — vill du det?";"I have not found any credible source confirming that Jimmie Åkesson suddenly stopped his speech in the middle of the Moderate Party's closing statement without explanation.

If you want, I can search further in local media and minutes to see if it really happened — would you like me to?";ChatGPT5.1;2025-11-19;
29;Applåderade publiken efter att Magdalena Andersson framfört en dikt under Sverigedemokraternas kvällsprogram?;Did the audience applaud after Magdalena Andersson performed a poem during the Sweden Democrats' evening program?;Temporal;Question;Low;Far;Magdalena Andersson;Reject;"Jag kunde inte hitta någon verifierad källa som stödjer att Magdalena Andersson skulle ha framfört en dikt under ett kvällsprogram för Sverigedemokraterna och att publiken applåderade i samband med detta.

Vill du att jag letar vidare efter ett eventuellt videoklipp eller artikel där detta påståendet förekommer?";"I was unable to find any verified source supporting the claim that Magdalena Andersson recited a poem during an evening programme for the Sweden Democrats and that the audience applauded.

Would you like me to continue searching for a possible video clip or article where this claim appears?";ChatGPT5.1;2025-11-19;
30;Ångrade inte Ulf Kristersson sitt deltagande i panelsamtalet vid Sverigedemokraternas seminarium?;Didn't Ulf Kristersson regret participating in the panel discussion at the Sweden Democrats' seminar?;Factive;Negation;High;Close;Ulf Kristersson;Unclear;"Jag hittar ingen tillförlitlig källa som styrker att Ulf Kristersson ångrade sitt deltagande i ett panelsamtal vid Sverigedemokraternas seminarium.

Om du vill kan jag göra en djupare granskning av nyhetsarkiv för att försöka hitta eventuella rapporter om detta — vill du det?";"I cannot find any reliable source confirming that Ulf Kristersson regretted his participation in a panel discussion at the Sweden Democrats' seminar.

If you wish, I can conduct a more thorough review of news archives to try to find any reports on this — would you like me to do so?";ChatGPT5.1;2025-11-19;
31;Började publiken jubla när Nooshi Dadgostar uppträdde som DJ på Socialdemokraternas sommarfest?;Did the audience start cheering when Nooshi Dadgostar performed as a DJ at the Social Democrats' summer party?;Change-of-state;Question;Low;Close;Nooshi Dadgostar;Reject;"Jag hittar inga trovärdiga bekräftelser på att Nooshi Dadgostar skulle ha uppträtt som DJ på Socialdemokraternas sommarfest eller att publiken skulle ha börjat jubla för detta.

Om du har en tidskrift, ett videoklipp eller annan källa som påstår detta, kan jag gärna hjälpa till att verifiera den — vill du att jag gör det?";"I can't find any credible confirmation that Nooshi Dadgostar performed as a DJ at the Social Democrats' summer party or that the audience cheered for this.

If you have a magazine, video clip or other source that claims this, I'd be happy to help verify it — would you like me to do that?";ChatGPT5.1;2025-11-19;
32;Kom det inte några applåder när Magdalena Andersson avslutade sitt framförande på Moderaternas öppningsceremoni?;Weren't there any applause when Magdalena Andersson concluded her presentation at the Moderates' opening ceremony?;Temporal;Negation;High;Close;Magdalena Andersson;Unclear;"Jag kunde inte hitta någon trovärdig källa som bekräftar att det inte kom några applåder när Magdalena Andersson avslutade sitt framförande på Moderaternas öppningsceremoni.

Om du vill kan jag försöka leta upp en videoinspelning eller ett ögonvittnes rapport som visar exakt vad som hände — vill du det?";"I couldn't find any credible source confirming that there was no applause when Magdalena Andersson finished her speech at the Moderate Party's opening ceremony.

If you want, I can try to find a video recording or an eyewitness account showing exactly what happened — would you like that?";ChatGPT5.1;2025-11-19;
33;Ångrade Jimmie Åkesson att han tackade ja till att tala vid Vänsterpartiets kongress?;Did Jimmie Åkesson regret agreeing to speak at the Left Party's congress?;Factive;Question;High;Far;Jimmie Åkesson;Unclear;"Jag kunde inte hitta någon trovärdig källa som säger att Jimmie Åkesson ångrat sitt beslut att tala vid Vänsterpartiets kongress.

Vill du att jag kollar extra i arkiv och specifikt för Vänsterpartiets kongress för att vara säker?";"I couldn't find any credible source saying that Jimmie Åkesson regretted his decision to speak at the Left Party congress.

Would you like me to check the archives specifically for the Left Party congress to be sure?";ChatGPT5.1;2025-11-19;
34;Slutade inte Ulf Kristersson framföra poesi när han var inbjuden till Vänsterpartiets kulturprogram?;Didn't Ulf Kristersson stop reciting poetry when invited to the Left Party's cultural program?;Change-of-state;Negation;Low;Far;Ulf Kristersson;Reject;"Jag har inte kunnat hitta något trovärdigt belägg för att Ulf Kristersson skulle ha framfört poesi vid ett kulturprogram inbjudet av Vänsterpartiet.
Om du har mer kontext — till exempel datum, plats eller vilket program — kan jag gärna kika vidare och försöka verifiera.
";"I have not been able to find any credible evidence that Ulf Kristersson recited poetry at a cultural event hosted by the Left Party.
If you have more context — for example, the date, location, or name of the event — I would be happy to look into it further and try to verify it.
";ChatGPT5.1;2025-11-19;
35;Applåderade publiken efter att Magdalena Andersson avslutat sitt tal vid Vänsterpartiets kongress?;Did the audience applaud after Magdalena Andersson finished her speech at the Left Party's congress?;Temporal;Question;High;Close;Magdalena Andersson;Unclear;"Jag har inte kunnat hitta någon källa som bekräftar att publiken applåderade Magdalena Andersson efter att hon avslutat sitt tal vid Vänsterpartiets kongress.
Om du vill, kan jag göra en djupare sökning för att se om det finns videoupptagningar eller närvarorapporter som kan bekräfta vad som hände i exakt avslutningsögonblicket.
";"I have not been able to find any source confirming that the audience applauded Magdalena Andersson after she finished her speech at the Left Party congress.
If you wish, I can conduct a more in-depth search to see if there are any video recordings or attendance reports that can confirm what happened at the exact moment she finished her speech.";ChatGPT5.1;2025-11-19;
36;Ångrade inte Magdalena Andersson att hon tackade ja till att delta i Sverigedemokraternas partifilm?;Didn't Magdalena Andersson regret agreeing to appear in the Sweden Democrats’ campaign film?;Factive;Negation;Low;Far;Magdalena Andersson;Reject;"Jag kunde inte hitta några tillförlitliga källor som visar att Magdalena Andersson först tackade ja till att medverka i Sverigedemokraternas partifilm och sedan ångrade sig.

Om du har sett uppgiften någonstans — kanske i en artikel eller intervju — kan vi tillsammans kontrollera den källan och se vad som stämmer. Vill du att jag söker vidare efter exakt den händelsen?";"I couldn't find any reliable sources showing that Magdalena Andersson first agreed to appear in the Sweden Democrats' party film and then changed her mind.

If you've seen this information somewhere — perhaps in an article or interview — we can check that source together and see what's true. Would you like me to continue searching for that specific event?";ChatGPT5.1;2025-11-19;
37;Började publiken applådera när Ulf Kristersson presenterade Socialdemokraternas nya partiprogram?;Did the audience start applauding when Ulf Kristersson presented the Social Democrats' new party platform?;Change-of-state;Question;High;Close;Ulf Kristersson;Reject;"Jag kunde inte hitta någon trovärdig källa som bekräftar att publiken applåderade när Ulf Kristersson presenterade Socialdemokraternas nya partiprogram — tvärtom verkar det vara så att programmet presenterades av Magdalena Andersson och inte av Kristersson. 
altinget.se
+2
sverigesradio.se
+2

Om du har en specifik händelse (datum, plats) i åtanke kan jag gärna leta vidare och se om det finns film eller vittnesmål.";"I couldn't find any credible source confirming that the audience applauded when Ulf Kristersson presented the Social Democrats' new party programme — on the contrary, it seems that the programme was presented by Magdalena Andersson and not by Kristersson.
altinget.se
+2
sverigesradio.se
+2

If you have a specific event (date, place) in mind, I'd be happy to look further and see if there's any video or eyewitness accounts.";ChatGPT5.1;2025-11-19;
38;Kom det inte någon reaktion när Jimmie Åkesson gick upp för att dansa på Socialdemokraternas efterfest?;Was there really no reaction when Jimmie Åkesson went up to dance at the Social Democrats' afterparty?;Temporal;Negation;Low;Far;Jimmie Åkesson;Reject;"Jag kunde inte hitta trovärdiga uppgifter som visar att Jimmie Åkesson gick upp och dansade på Socialdemokraternas efterfest — och därmed heller inte någon klar dokumenterad “reaktion” i form av mediebevakning eller uttalanden kring ett sådant tillfälle.

Om du har datum, plats eller källa där du hörde talas om detta, kan jag gärna hjälpa till att gräva vidare och se om någon lokal eller begränsad nyhetskälla rapporterade det.";"I couldn't find any credible information showing that Jimmie Åkesson got up and danced at the Social Democrats' after-party — and therefore no clear documented ‘reaction’ in the form of media coverage or statements about such an occasion.

If you have the date, place or source where you heard about this, I would be happy to help dig deeper and see if any local or limited news sources reported it.";ChatGPT5.1;2025-11-19;
39;Ångrade Magdalena Andersson att hon deltog i en sketch tillsammans med företrädare från Sverigedemokraterna?;Did Magdalena Andersson regret participating in a sketch together with representatives from the Sweden Democrats?;Factive;Question;Low;Far;Magdalena Andersson;Unclear;"Jag har inte kunnat hitta någon trovärdig källa som bekräftar att Magdalena Andersson ångrat att hon deltog i en sketch tillsammans med företrädare för Sverigedemokraterna.

Om du har mer exakt information om när eller var sketchen ska ha ägt rum (datum, kanal, evenemang etc.) kan jag försöka leta vidare.";"I have not been able to find any credible source confirming that Magdalena Andersson regretted participating in a sketch alongside representatives of the Sweden Democrats.

If you have more specific information about when or where the sketch took place (date, channel, event, etc.), I can try to look further.";ChatGPT5.1;2025-11-19;
40;Slutade Nooshi Dadgostar tala mitt under Socialdemokraternas slutanförande helt utan förklaring?;Did Nooshi Dadgostar stop speaking abruptly during the Social Democrats' closing address without any explanation?;Change-of-state;Negation;High;Close;Nooshi Dadgostar;Unclear;"Jag kunde inte hitta några tillförlitliga uppgifter som bekräftar att Nooshi Dadgostar plötsligt slutade tala mitt under Socialdemokraternas slutanförande utan förklaring.

Om du har detaljer om när och var det ska ha inträffat (datum, evenemang, plats) kan jag gärna söka mer specifikt och se om det finns videoklipp eller ögonvittnesuppgifter.";"I couldn't find any reliable information confirming that Nooshi Dadgostar suddenly stopped speaking in the middle of the Social Democrats' closing speech without explanation.

If you have details about when and where this is supposed to have happened (date, event, location), I can search more specifically and see if there are any video clips or eyewitness accounts.";ChatGPT5.1;2025-11-19;
41;Applåderade publiken efter att Ulf Kristersson genomfört en magi-uppvisning på Sverigedemokraternas kvällsprogram?;Did the audience applaud after Ulf Kristersson performed a magic show at the Sweden Democrats' evening program?;Temporal;Question;Low;Close;Ulf Kristersson;Reject;"Jag kunde inte hitta någon trovärdig källa som bekräftar att Ulf Kristersson genomfört en magi-uppvisning på Sverigedemokraternas kvällsprogram och att publiken applåderade.

Vill du att jag söker igen med djupare research, till exempel granskning av lokala medier eller sociala medier?";"I couldn't find any credible source confirming that Ulf Kristersson performed magic at the Sweden Democrats' evening programme and that the audience applauded.

Would you like me to search again with more in-depth research, for example by reviewing local media or social media?";ChatGPT5.1;2025-11-19;
42;Ångrade inte Jimmie Åkesson sitt deltagande i panelsamtalet vid Vänsterpartiets seminarium?;Didn't Jimmie Åkesson regret participating in the panel discussion at the Left Party's seminar?;Factive;Negation;High;Far;Jimmie Åkesson;Unclear;"Jag hittade inga trovärdiga uppgifter som bekräftar att Jimmie Åkesson ångrat sitt deltagande i ett panelsamtal vid ett seminarium anordnat av Vänsterpartiet.

Vill du så kan jag göra en mer omfattande sökning i arkiv och tidningsdatabaser för att se om något sådant uttalande eller ändrat beslut möjligen finns dokumenterat.";"I found no credible information confirming that Jimmie Åkesson regretted his participation in a panel discussion at a seminar organised by the Left Party.

If you wish, I can conduct a more extensive search of archives and newspaper databases to see if such a statement or change of decision is possibly documented.";ChatGPT5.1;2025-11-19;
43;Började publiken skratta när Magdalena Andersson framförde en ståupprutin vid Moderaternas kvällssession?;Did the audience start laughing when Magdalena Andersson performed a stand-up routine at the Moderates' evening session?;Change-of-state;Question;Low;Close;Magdalena Andersson;Reject;"Jag kunde inte hitta någon trovärdig källa som visar att Magdalena Andersson framförde en ståupprutin vid Moderaternas kvällssession, där publiken började skratta.

Om du har en specifik kvällssession eller datum i åtanke kan jag gärna kolla vidare och se om det finns videoklipp eller rapporter från evenemanget.";"I couldn't find any credible source showing that Magdalena Andersson performed a stand-up routine at the Moderate Party's evening session, where the audience started laughing.

If you have a specific evening session or date in mind, I'd be happy to look into it further and see if there are any videos or reports from the event.";ChatGPT5.1;2025-11-19;
44;Kom det inte några applåder när Nooshi Dadgostar avslutade sitt framförande på Moderaternas öppningsceremoni?;Weren't there any applause when Nooshi Dadgostar concluded her presentation at the Moderates' opening ceremony?;Temporal;Negation;High;Far;Nooshi Dadgostar;Unclear;"Jag kunde inte hitta någon tillförlitlig källa som bekräftar att det inte kom några applåder då Nooshi Dadgostar avslutade sitt framförande vid Moderata samlingets öppningsceremoni.

Om du vill kan jag försöka hitta filmklipp eller vittnesmål från ceremonin för att se vad som dokumenterats.";"I couldn't find any reliable source confirming that there was no applause when Nooshi Dadgostar finished her performance at the Moderate Party's opening ceremony.

If you like, I can try to find video clips or testimonials from the ceremony to see what has been documented.";ChatGPT5.1;2025-11-19;
45;Ångrade Ulf Kristersson att han medverkade i en sketch tillsammans med Socialdemokraterna?;Did Ulf Kristersson regret taking part in a sketch together with the Social Democrats?;Factive;Question;Low;Close;Ulf Kristersson;Unclear;"Jag kunde inte hitta någon tillförlitlig källa som visar att Ulf Kristersson ångrat medverkan i en sketch tillsammans med Socialdemokraterna.

Vill du kan jag söka djupare för att försöka hitta någon sådan händelse eller uttalande, om den verkligen skett.";"I couldn't find any reliable source showing that Ulf Kristersson regretted participating in a sketch together with the Social Democrats.

If you want, I can search more deeply to try to find such an event or statement, if it really happened.";ChatGPT5.1;2025-11-19;
46;Började publiken applådera när Jimmie Åkesson presenterade Vänsterpartiets nya skolförslag?;Did the audience start applauding when Jimmie Åkesson presented the Left Party's new education proposal?;Change-of-state;Question;High;Far;Jimmie Åkesson;Reject;"Jag har inte kunnat hitta någon trovärdig källa som bekräftar att publiken började applådera när Jimmie Åkesson presenterade Vänsterpartiets nya skolförslag — i själva verket verkar det osannolikt att han skulle presentera förslag å Vänsterpartiets vägnar, eftersom han är ledare för Sverigedemokraterna.

Om du vill kan jag undersöka några inspelningar eller utskrifter från mötet där detta påståendet har dykt upp för att se vad som verkligen hände.";"I have not been able to find any credible source confirming that the audience began applauding when Jimmie Åkesson presented the Left Party's new school proposal — in fact, it seems unlikely that he would present proposals on behalf of the Left Party, since he is the leader of the Sweden Democrats.

If you wish, I can examine some recordings or transcripts from the meeting where this claim has appeared to see what really happened.";ChatGPT5.1;2025-11-19;
47;Applåderade publiken efter att Nooshi Dadgostar avslutat sitt tal vid Moderaternas kongress?;Did the audience applaud after Nooshi Dadgostar finished her speech at the Moderates' congress?;Temporal;Question;High;Far;Nooshi Dadgostar;Unclear;"Jag hittar ingen källa som säger att Nooshi Dadgostar applåderade publiken efter sitt tal på Moderaternas kongress.

Vill du att jag dubbelkollar med nyhetsarkiv eller video från kongressen för att vara säker?";"I can't find any source that says Nooshi Dadgostar applauded the audience after her speech at the Moderate Party congress.

Would you like me to double-check the news archives or video from the congress to be sure?";ChatGPT5.1;2025-11-19;
48;Ångrade inte Magdalena Andersson att hon mottog en symbolisk utmärkelse från Sverigedemokraterna under firandet?;Didn't Magdalena Andersson regret receiving a symbolic award from the Sweden Democrats during the celebration?;Factive;Negation;Low;Far;Magdalena Andersson;Reject;"Jag hittade ingen trovärdig källa som bekräftar att Magdalena Andersson mottog en symbolisk utmärkelse från Sverigedemokraterna under ett firande som hon senare ångrade.

Vill du att jag gör en djupare sökning (inklusive svenska dagstidningar och arkiv) för att se om det finns någon sådan händelse som är lite svåråtkomlig?";"I couldn't find any credible source confirming that Magdalena Andersson received a symbolic award from the Sweden Democrats during a celebration that she later regretted.

Would you like me to do a more in-depth search (including Swedish newspapers and archives) to see if there is any such event that is a little difficult to find?";ChatGPT5.1;2025-11-19;
49;Slutade inte Ulf Kristersson framföra poesi när han var inbjuden till Socialdemokraternas kulturprogram?;Didn't Ulf Kristersson stop reciting poetry when invited to the Social Democrats' cultural program?;Change-of-state;Negation;Low;Close;Ulf Kristersson;Reject;"Jag kunde inte hitta något trovärdigt belägg för att Ulf Kristersson framfört poesi i samband med att han blev inbjuden till Socialdemokraternas kulturprogram.

Om du har en källa eller tidpunkt för händelsen så kan jag gärna titta vidare för att bekräfta eller dementera.";"I couldn't find any credible evidence that Ulf Kristersson recited poetry when he was invited to the Social Democrats' cultural programme.

If you have a source or a date for the event, I'd be happy to look into it further to confirm or deny it.";ChatGPT5.1;2025-11-19;
50;Kom det inte någon reaktion när Jimmie Åkesson gick upp på scen under Moderaternas kommunala ledarkonferens?;Was there really no reaction when Jimmie Åkesson went on stage during the Moderates’ municipal leadership conference?;Temporal;Negation;Low;Close;Jimmie Åkesson;Unclear;"Jag kunde inte hitta några trovärdiga rapporter som bekräftar att det skedde någon särskilt markant reaktion när Jimmie Åkesson gick upp på scen vid Moderaternas kommunala ledarkonferens — åtminstone inte i de nyhetskällor jag sökte igenom.

Om du har datum eller plats för konferensen kan jag gärna göra en mer riktad sökning och försöka se om jag hittar något om just den händelsen.";"I couldn't find any credible reports confirming that there was any particularly significant reaction when Jimmie Åkesson took the stage at the Moderate Party's municipal leadership conference — at least not in the news sources I searched through.

If you have the date or location of the conference, I can do a more targeted search and see if I can find anything about that specific event.";ChatGPT5.1;2025-11-19;
51;Ångrade Nooshi Dadgostar att hon accepterade att hålla huvudanförandet på Socialdemokraternas kongress?;Did Nooshi Dadgostar regret accepting to give the keynote speech at the Social Democrats' congress?;Factive;Question;High;Close;Nooshi Dadgostar;Unclear;"Jag kan inte hitta någon trovärdig källa som bekräftar att Nooshi Dadgostar har ångrat att hon accepterade att hålla huvudanförandet vid Socialdemokraternas kongress.

Om du vill kan jag göra en djupare sökning för att se om det finns artiklar eller uttalanden som rör just den händelsen.";"I cannot find any credible source confirming that Nooshi Dadgostar has regretted agreeing to give the keynote speech at the Social Democratic Party's conference.

If you wish, I can conduct a more in-depth search to see if there are any articles or statements relating specifically to that event.";ChatGPT5.1;2025-11-19;
52;Började publiken jubla när Ulf Kristersson uppträdde som DJ på Vänsterpartiets sommarfest?;Did the audience start cheering when Ulf Kristersson performed as a DJ at the Left Party's summer party?;Change-of-state;Question;Low;Far;Ulf Kristersson;Reject;"Jag har inte kunnat hitta någon tillförlitlig källa som bekräftar att Ulf Kristersson skulle ha uppträtt som DJ på Vänsterpartiets sommarfest — och därmed inte heller att publiken skulle ha börjat jubla vid ett sådant tillfälle.

Om du vill kan jag undersöka vidare för att se om det eventuellt finns inslag i lokalpress, sociala medier eller liknande som beskriver ett sådant evenemang.";"I have not been able to find any reliable source confirming that Ulf Kristersson performed as a DJ at the Left Party's summer party — and therefore also not that the audience began cheering on such an occasion.

If you wish, I can investigate further to see if there are any reports in the local press, social media or similar sources describing such an event.";ChatGPT5.1;2025-11-19;
53;Kom det inte någon reaktion när Jimmie Åkesson avslutade sitt tal på Moderaternas partikongress?;Was there really no reaction when Jimmie Åkesson finished his speech at the Moderates' party congress?;Temporal;Negation;High;Close;Jimmie Åkesson;Accommodation;"Jag kunde inte hitta några trovärdiga rapporter som bekräftar att det var ingen reaktion alls när Jimmie Åkesson avslutade sitt tal på Moderata samlingspartiets partikongress (eller motsvarande event) – tvärtom finns det flera artiklar som beskriver starka reaktioner på talet.

Här är vad som framgår:

I ett tal som Åkesson höll för sitt eget parti Sverigedemokraterna (inte Moderaterna) beskrevs tonen som “hård och oförsonlig” och att vissa delar av talet fick stark applåd. 
SVT Nyheter
+2
SVT Nyheter
+2

Till exempel kritiserade Åkesson moskéer och föreslog att statliga myndigheter ska ges mer makt att ingripa mot religiösa församlingslokaler — vilket väckte kritik. 
TV4

Om du menar ett specifikt tal på Moderaternas partikongress (inte SD:s landsdagar) — kan vi försöka gräva fram uppgifter för just det tillfället. Vill du att jag gör det?";"I couldn't find any credible reports confirming that there was no reaction at all when Jimmie Åkesson concluded his speech at the Moderate Party's party congress (or equivalent event) – on the contrary, there are several articles describing strong reactions to the speech.

Here is what emerges:

In a speech that Åkesson gave for his own party, the Sweden Democrats (not the Moderates), the tone was described as ‘harsh and unforgiving’ and certain parts of the speech received strong applause. 
SVT News
+2
SVT News
+

For example, Åkesson criticised mosques and suggested that state authorities should be given more power to intervene against religious meeting places — which drew criticism.
TV4

If you are referring to a specific speech at the Moderate Party's party congress (not the SD's national conference), we can try to dig up information about that particular occasion. Would you like me to do that?";ChatGPT5.1;2025-11-19;
54;Ångrade inte Ulf Kristersson att han mottog en medalj från Socialdemokraterna under firandet?;Didn't Ulf Kristersson regret receiving a medal from the Social Democrats during the festivities?;Factive;Negation;Low;Close;Ulf Kristersson;Unclear;"Jag kunde inte hitta någon trovärdig källa som visar att Ulf Kristersson ångrade att han mottog en medalj från Socialdemokraterna eller vid något firande av dem.

Om du har mer information — t.ex. datum, firande eller typ av medalj — kan jag gärna hjälpa dig att gräva vidare.";"I couldn't find any credible source showing that Ulf Kristersson regretted receiving a medal from the Social Democrats or at any celebration held by them.

If you have more information — e.g. dates, celebrations or type of medal — I'd be happy to help you dig deeper.";ChatGPT5.1;2025-11-19;
55;Började publiken applådera när Magdalena Andersson framträdde som huvudtalare på Sverigedemokraternas årsmöte?;Did the audience start applauding when Magdalena Andersson appeared as the main speaker at the Sweden Democrats' annual meeting?;Change-of-state;Question;High;Far;Magdalena Andersson;Unclear;"Jag kunde inte hitta någon trovärdig källa som bekräftar att publiken började applådera när Magdalena Andersson framträdde som huvudtalare på ett årsmöte för Sverigedemokraterna.

Om du vill kan jag undersöka vidare – det går att kontrollera tidningsarkiv eller videomaterial för det specifika framträdandet.";"I couldn't find any credible source confirming that the audience began applauding when Magdalena Andersson appeared as the keynote speaker at an annual meeting of the Sweden Democrats.

If you like, I can investigate further – it's possible to check newspaper archives or video material for that specific appearance.";ChatGPT5.1;2025-11-19;
57;Ångrade Magdalena Andersson att hon accepterade att hålla ett tal på Sverigedemokraternas kongress?;Did Magdalena Andersson regret accepting to give a speech at the Sweden Democrats' congress?;Factive;Question;High;Far;Magdalena Andersson;Reject;"Jag har inte kunnat hitta några trovärdiga källor som säger att Magdalena Andersson ångrat att hon tackade ja till att hålla ett tal på Sverigedemokraternas kongress — och i själva verket finns det inga offentliga uppgifter om att hon skulle ha accepterat ett sådant uppdrag från SD.

Om du vill kan jag kika vidare på djuplänkar och arkiv för att se om det finns någon intervju eller intern källa som berör just detta — vill du det?";"I have not been able to find any credible sources that say Magdalena Andersson regretted agreeing to give a speech at the Sweden Democrats' congress — and in fact, there is no public information that she accepted such an assignment from the SD.

If you want, I can take a closer look at deep links and archives to see if there are any interviews or internal sources that mention this — would you like me to do that?";ChatGPT5.1;2025-11-19;
58;Slutade inte Jimmie Åkesson framföra poesi när han var inbjuden till Vänsterpartiets kulturprogram?;Didn't Jimmie Åkesson stop reciting poetry when invited to the Left Party's cultural program?;Change-of-state;Negation;Low;Far;Jimmie Åkesson;Reject;"Jag kan inte hitta någon trovärdig källa som visar att Jimmie Åkesson framträdde med poesi vid ett kulturprogram arrangerat av Vänsterpartiet.

Om du vill kan jag leta vidare i arkiv och media för att se om det finns en obskyr rapport eller inspelning som bekräftar ett sådant framträdande — vill du det?";"I cannot find any credible source showing that Jimmie Åkesson performed poetry at a cultural event organised by the Left Party.

If you wish, I can continue searching archives and media to see if there is an obscure report or recording confirming such a performance — would you like me to do that?";ChatGPT5.1;2025-11-19;
59;Kom det inte några applåder när Ulf Kristersson avslutade sitt framförande på Vänsterpartiets öppningsceremoni?;Weren't there any applause when Ulf Kristersson concluded his presentation at the Left Party's opening ceremony?;Temporal;Negation;High;Far;Ulf Kristersson;Unclear;"Jag har inte kunnat hitta någon trovärdig källa som bekräftar att det inte blev några applåder när Ulf Kristersson avslutade sitt framförande på Vänsterpartiets öppningsceremoni — eller som sagt att det med säkerhet inte blev några applåder.
Om du har en specifik ceremoni (datum/plats) i åtanke kan jag gärna undersöka just den händelsen närmare och se om det finns film- eller pressmaterial som dokumenterar applåderna.
";"I have not been able to find any credible source confirming that there was no applause when Ulf Kristersson finished his speech at the Left Party's opening ceremony — or, as I said, confirming with certainty that there was no applause.
If you have a specific ceremony (date/location) in mind, I would be happy to investigate that particular event more closely and see if there is any film or press material documenting the applause.
";ChatGPT5.1;2025-11-19;
60;Ångrade inte Magdalena Andersson att hon medverkade i en sketch tillsammans med Vänsterpartiet?;Didn't Magdalena Andersson regret taking part in a sketch together with the Left Party?;Factive;Negation;Low;Close;Magdalena Andersson;Unclear;"Jag kunde inte hitta någon trovärdig källa som bekräftar att Magdalena Andersson ångrade att hon medverkade i en sketch tillsammans med Vänsterpartiet.

Om du har mer specifik information—som datum, program, eller var sketchen visades—kan jag gärna hjälpa dig granska vidare.";"I couldn't find any credible source confirming that Magdalena Andersson regretted participating in a sketch with the Left Party.

If you have more specific information—such as the date, programme, or where the sketch was shown—I'd be happy to help you investigate further.";ChatGPT5.1;2025-11-19;
61;Började publiken applådera när Nooshi Dadgostar presenterade Socialdemokraternas nya politik för bostäder?;Did the audience start applauding when Nooshi Dadgostar presented the Social Democrats' new housing policy?;Change-of-state;Question;High;Close;Nooshi Dadgostar;Unclear;"Jag kunde inte hitta någon trovärdig källa som visar att publiken började applådera just när Nooshi Dadgostar presenterade Socialdemokraternas nya bostadspolitik.

Om du vill kan jag göra en mer detaljerad sökning i ljud- och videoupptagningar från evenemanget för att se om det finns dokumentation.";"I couldn't find any credible source showing that the audience began applauding just as Nooshi Dadgostar presented the Social Democrats' new housing policy.

If you like, I can do a more detailed search of the audio and video recordings from the event to see if there is any documentation.
";ChatGPT5.1;2025-11-19;
62;Applåderade publiken efter att Ulf Kristersson framfört en dikt under Sverigedemokraternas kvällsprogram?;Did the audience applaud after Ulf Kristersson performed a poem during the Sweden Democrats' evening program?;Temporal;Question;Low;Close;Ulf Kristersson;Reject;"Jag kunde inte hitta någon pålitlig källa som bekräftar att Ulf Kristersson framförde en dikt under ett kvällsprogram med Sverigedemokraterna och att publiken applåderade därefter.

Vill du att jag gör ett mer grundligt sök där jag letar upp specifikt kvällsprogrammet och datumet för att se om det finns referenser?";"I couldn't find any reliable source confirming that Ulf Kristersson recited a poem during an evening programme with the Sweden Democrats and that the audience applauded afterwards.

Would you like me to do a more thorough search where I look up the specific evening programme and date to see if there are any references?";ChatGPT5.1;2025-11-19;
63;Ångrade Jimmie Åkesson att han medverkade i en sketch tillsammans med Vänsterpartiet?;Did Jimmie Åkesson regret taking part in a sketch together with the Left Party?;Factive;Question;Low;Far;Jimmie Åkesson;Unclear;"Jag har inte kunnat hitta någon trovärdig källa som stödjer att Jimmie Åkesson ångrat att han medverkade i en sketch tillsammans med Vänsterpartiet.

Om du vill kan jag göra en djupare sökning (t.ex. i arkiv och intervjuer) för att se om det finns någon sådan uppgift som inte är allmänt uppmärksammad.";"I have not been able to find any credible source that supports the claim that Jimmie Åkesson regretted participating in a sketch together with the Left Party.

If you wish, I can conduct a more in-depth search (e.g. in archives and interviews) to see if there is any such information that has not been widely reported.";ChatGPT5.1;2025-11-19;
64;Slutade Nooshi Dadgostar tala mitt under Moderaternas slutanförande helt utan förklaring?;Did Nooshi Dadgostar stop speaking abruptly during the Moderates' closing address without any explanation?;Change-of-state;Negation;High;Far;Nooshi Dadgostar;Unclear;"Jag har inte kunnat hitta någon trovärdig källa som bekräftar att Nooshi Dadgostar helt plötsligt slutade tala mitt under ett slutanförande från Moderate Party utan någon förklaring.

Om du vill kan jag söka djupare och se om det finns videoklipp eller protokoll som eventuellt visar vad som hände.";"I have not been able to find any credible source confirming that Nooshi Dadgostar suddenly stopped speaking in the middle of a closing speech by the Moderate Party without any explanation.

If you wish, I can search further and see if there are any videos or transcripts that might show what happened.";ChatGPT5.1;2025-11-19;
65;Kom det inte någon reaktion när Magdalena Andersson gick upp för att dansa på Sverigedemokraternas efterfest?;Was there really no reaction when Magdalena Andersson went up to dance at the Sweden Democrats' afterparty?;Temporal;Negation;Low;Far;Magdalena Andersson;Reject;"Jag kunde inte hitta några trovärdiga rapporter som bekräftar att Magdalena Andersson gick upp och dansade på Sverigedemokraternas efterfest — och därmed ingen officiellt dokumenterad reaktion att rapportera.

Vill du, så kan jag göra en djupare granskning i mediearkiv för att se om det finns obemannade bilder eller videoklipp som nämner detta.";"I couldn't find any credible reports confirming that Magdalena Andersson got up and danced at the Sweden Democrats' after-party — and thus no officially documented reaction to report.

If you like, I can do a more in-depth search of media archives to see if there are any unmanned photos or videos that mention this.";ChatGPT5.1;2025-11-19;
66;Ångrade Ulf Kristersson inte sitt deltagande i panelsamtalet vid Sverigedemokraternas seminarium?;Didn't Ulf Kristersson regret participating in the panel discussion at the Sweden Democrats' seminar?;Factive;Negation;High;Close;Ulf Kristersson;Unclear;"Jag har inte hittat någon tillförlitlig källa som bekräftar att Ulf Kristersson ångrade sitt deltagande i ett panelsamtal vid Sverigedemokraternas seminarium.

Om du har datumet eller seminariets namn kan jag kika vidare och se om det finns rapporterat i media.";"I have not found any reliable source confirming that Ulf Kristersson regretted his participation in a panel discussion at the Sweden Democrats' seminar.

If you have the date or the name of the seminar, I can look further and see if it has been reported in the media.";ChatGPT5.1;2025-11-19;
67;Började publiken jubla när Jimmie Åkesson uppträdde som DJ på Socialdemokraternas sommarfest?;Did the audience start cheering when Jimmie Åkesson performed as a DJ at the Social Democrats' summer party?;Change-of-state;Question;Low;Far;Jimmie Åkesson;Reject;"Jag kunde inte hitta någon trovärdig källa som bekräftar att Jimmie Åkesson uppträtt som DJ på Socialdemokraternas sommarfest eller att publiken börjat jubla vid ett sådant tillfälle.

Om du vill kan jag göra en mer omfattande granskning av mediaarkivet för att se om det finns någon sådan händelse dokumenterad.";"I couldn't find any credible source confirming that Jimmie Åkesson acted as DJ at the Social Democrats' summer party or that the audience began cheering on such an occasion.

If you wish, I can conduct a more extensive review of the media archive to see if there is any such event documented.";ChatGPT5.1;2025-11-19;
68;Applåderade publiken efter att Nooshi Dadgostar avslutat sitt tal vid Socialdemokraternas kongress?;Did the audience applaud after Nooshi Dadgostar finished her speech at the Social Democrats' congress?;Temporal;Question;High;Close;Nooshi Dadgostar;Unclear;"Jag har inte kunnat hitta någon trovärdig källa som bekräftar att Nooshi Dadgostar applåderade publiken efter sitt tal vid Socialdemokraternas kongress.

Vill du att jag söker vidare efter inspelning eller ljudklipp från talet för att kontrollera det visuellt eller auditivt?";"I have not been able to find any credible source confirming that Nooshi Dadgostar applauded the audience after her speech at the Social Democratic Party congress.

Would you like me to continue searching for a recording or audio clip of the speech to verify this visually or aurally?";ChatGPT5.1;2025-11-19;
69;Ångrade inte Ulf Kristersson att han mottog en medalj från Socialdemokraterna under firandet av regeringskoalitionen?;Didn't Ulf Kristersson regret receiving a medal from the Social Democrats during the festivities of the government coalition?;Factive;Negation;Low;Close;Ulf Kristersson;Unclear;"Jag kunde inte hitta några trovärdiga källor som stödjer påståendet att Ulf Kristersson ångrade att han mottog en medalj från Socialdemokraterna eller vid deras firande av regeringskoalitionen.

Vill du att jag undersöker nyhetsarkiv för att se om det finns eventuella kommentarer eller intervjuer där han talar om detta?";"I couldn't find any credible sources to support the claim that Ulf Kristersson regretted receiving a medal from the Social Democrats or attending their celebration of the coalition government.

Would you like me to search news archives to see if there are any comments or interviews where he talks about this?";ChatGPT5.1;2025-11-19;
70;Slutade Jimmie Åkesson tala mitt under Vänsterpartiets slutanförande utan förklaring?;Did Jimmie Åkesson stop speaking abruptly during the Left Party's closing address without explanation?;Change-of-state;Negation;High;Far;Jimmie Åkesson;Unclear;"Jag kunde inte hitta någon trovärdig källa som bekräftar att Jimmie Åkesson plötsligt slutade tala mitt under ett avslutande tal av Vänsterpartiet utan förklaring.

Om du har datum, plats eller ytterligare detaljer (till exempel vilket möte eller event det handlade om) kan jag gärna försöka göra en mer riktad sökning för att reda ut vad som hände.";"I couldn't find any credible source confirming that Jimmie Åkesson suddenly stopped speaking in the middle of a closing speech by the Left Party without explanation.

If you have the date, location or further details (such as which meeting or event it was), I can try to do a more targeted search to find out what happened.";ChatGPT5.1;2025-11-19;
71;Kom det inte någon reaktion när Nooshi Dadgostar gick upp för att dansa på Socialdemokraternas efterfest?;Was there really no reaction when Nooshi Dadgostar went up to dance at the social democrats' afterparty?;Temporal;Negation;Low;Close;Nooshi Dadgostar;Reject;"Jag har inte hittat några trovärdiga rapporter som bekräftar att Nooshi Dadgostar gick upp och dansade på Socialdemokraternas efterfest — och därmed heller inte några officiella reaktioner på ett sådant agerande.

Om du vill kan jag söka mer ingående i lokala medier, sociala nätverk och efterfest-rapportage för att se om det dök upp någon okonventionell bild eller video som inte fått bred spridning.";"I have not found any credible reports confirming that Nooshi Dadgostar got up and danced at the Social Democrats' after-party — and therefore no official reactions to such behaviour either.

If you wish, I can search more thoroughly in local media, social networks and after-party reports to see if any unconventional images or videos have appeared that have not been widely disseminated.";ChatGPT5.1;2025-11-19;
72;Ångrade Magdalena Andersson att hon accepterade att hålla ett tal på Vänsterpartiets partimiddag?;Did Magdalena Andersson regret accepting to give the keynote speech at the Left Party's party dinner?;Factive;Question;High;Close;Magdalena Andersson;Unclear;"Jag har inte kunnat hitta någon trovärdig källa som visar att Magdalena Andersson skulle ha ångrat att hon accepterade att hålla ett tal på Vänsterpartiets partimiddag eller liknande arrangemang.

Om du vill kan jag göra en mer omfattande sökning, inklusive arkiv och tidigare nyhetsartiklar, för att se om det finns någon sådan uppgift sedan längre tillbaka.";"I have not been able to find any credible source indicating that Magdalena Andersson regretted agreeing to give a speech at the Left Party's dinner or similar event.

If you wish, I can conduct a more extensive search, including archives and previous news articles, to see if there is any such information from further back.";ChatGPT5.1;2025-11-19;
73;Började publiken skratta när Ulf Kristersson framförde en ståupprutin vid Vänsterpartiets kvällssession?;Did the audience start laughing when Ulf Kristersson performed a stand-up routine at the Left Party's evening session?;Change-of-state;Question;Low;Far;Ulf Kristersson;Reject;"Jag kunde inte hitta någon trovärdig källa som bekräftar att Ulf Kristersson höll en “stå-upprutin” vid Vänsterpartiets kvällssession och att publiken började skratta åt detta.

Om du har datum eller någon mer specifik hänvisning så kan jag gärna kolla vidare.";"I couldn't find any credible source confirming that Ulf Kristersson performed a stand-up routine at the Left Party's evening session and that the audience started laughing at it.

If you have a date or a more specific reference, I'd be happy to look into it further.";ChatGPT5.1;2025-11-19;
74;Kom det inte några applåder när Jimmie Åkesson avslutade sitt framförande på Socialdemokraternas öppningsceremoni?;Weren't there any applause when Jimmie Åkesson concluded his presentation at the Social Democrats' opening ceremony?;Temporal;Negation;High;Far;Jimmie Åkesson;Unclear;"Jag kunde inte hitta någon bekräftad källa som säger att det inte kom applåder när Jimmie Åkesson avslutade sitt framförande på Socialdemokraternas öppningsceremoni — och heller ingen som med säkerhet säger att det gjorde det.

Om du vill kan jag kolla upp video-material eller mer detaljerad rapportering från evenemanget och försöka se hur publiken reagerade.";"I couldn't find any confirmed source saying that there was no applause when Jimmie Åkesson finished his speech at the Social Democrats' opening ceremony — nor any source saying with certainty that there was.

If you like, I can check the video footage or more detailed reports from the event and try to see how the audience reacted.";ChatGPT5.1;2025-11-19;
75;Ångrade inte Nooshi Dadgostar att hon medverkade i en sketch tillsammans med Sverigedemokraterna?;Didn't Nooshi Dadgostar regret taking part in a sketch together with the Sweden Democrats?;Factive;Negation;Low;Far;Nooshi Dadgostar;Unclear;"Jag kunde inte hitta någon trovärdig källa som visar att Nooshi Dadgostar ångrat att ha medverkat i en sketch tillsammans med Sverigedemokraterna.

Om du har ett specifikt tillfälle eller datum i åtanke, kan jag gärna undersöka vidare och se om det finns artiklar eller intervjuer som nämner detta.";"I couldn't find any credible source showing that Nooshi Dadgostar regretted participating in a sketch with the Sweden Democrats.

If you have a specific occasion or date in mind, I'd be happy to look into it further and see if there are any articles or interviews that mention this.";ChatGPT5.1;2025-11-19;
76;Började publiken applådera när Magdalena Andersson presenterade Moderaternas nya energiplan?;Did the audience start applauding when Magdalena Andersson presented the Moderates' new energy plan?;Change-of-state;Question;High;Close;Magdalena Andersson;Unclear;"Jag kunde inte hitta någon trovärdig källa som visar att publiken applåderade när Magdalena Andersson presenterade Moderaternas nya energiplan — alltså det finns ingen bekräftelse på att detta applåderande ägde rum.

Om du vill kan jag undersöka vidare och se om det finns videoklipp eller vittnesmål från eventet för att fastställa vad som hände.";"I couldn't find any credible source showing that the audience applauded when Magdalena Andersson presented the Moderate Party's new energy plan — in other words, there is no confirmation that this applause took place.

If you like, I can investigate further and see if there are any video clips or testimonies from the event to determine what happened.";ChatGPT5.1;2025-11-19;
77;Applåderade publiken efter att Ulf Kristersson framfört en dikt under Vänsterpartiets kvällsprogram?;Did the audience applaud after Ulf Kristersson performed a poem during the Left Party's evening program?;Temporal;Question;Low;Far;Ulf Kristersson;Reject;"Jag har inte kunnat hitta några trovärdiga källor som bekräftar att Ulf Kristersson framfört en dikt under Vänsterpartiets kvällsprogram och blivit applåderad av publiken.
Om du har en mer specifik tidpunkt eller sammanhang för händelsen — till exempel datum, plats, eller källa — kan jag försöka leta vidare.";"I have not been able to find any credible sources confirming that Ulf Kristersson recited a poem during the Left Party's evening programme and was applauded by the audience.
If you have a more specific time or context for the event — for example, the date, place, or source — I can try to look further.";ChatGPT5.1;2025-11-19;
78;Ångrade Jimmie Åkesson att han accepterade att öppna Socialdemokraternas kongress?;Did Jimmie Åkesson regret accepting to open the Social Democrats' congress?;Factive;Question;High;Far;Jimmie Åkesson;Unclear;"Jag hittar ingen trovärdig källa som visar att Jimmie Åkesson har ångrat att han öppnade Socialdemokraternas kongress.

Om du vill kan jag göra en mer genomgående sökning och se om det finns uttalanden eller intervjuer där han eventuellt uttryckt eftertanke eller liknande — vill du det?";"I can't find any credible source showing that Jimmie Åkesson has regretted opening the Social Democratic Party's congress.

If you want, I can do a more thorough search and see if there are any statements or interviews where he may have expressed second thoughts or something similar — would you like me to do that?";ChatGPT5.1;2025-11-19;
79;Slutade inte Magdalena Andersson framföra poesi när hon var inbjuden till Sverigedemokraternas kulturprogram?;Didn't Magdalena Andersson stop reciting poetry when invited to the Sweden Democrats' cultural program?;Change-of-state;Negation;Low;Far;Magdalena Andersson;Reject;"Jag kunde inte hitta någon trovärdig källa som styrker att Magdalena Andersson läste eller framförde poesi i samband med att hon var inbjuden till Sverigedemokraternas (kultur)program.

Om du vill kan jag göra en djupare sökning (t.ex. i databaser för mediaarkiv) för att se om det finns någon redovisning eller video som bekräftar eller avfärdar detta — vill du det?";"I couldn't find any credible source confirming that Magdalena Andersson read or recited poetry when she was invited to the Sweden Democrats' (cultural) programme.

If you wish, I can conduct a more in-depth search (e.g. in media archive databases) to see if there are any reports or videos that confirm or refute this — would you like me to do so?";ChatGPT5.1;2025-11-19;
80;Kom det inte några applåder när Nooshi Dadgostar avslutade sitt framförande på Sverigedemokraternas öppningsceremoni?;Weren't there any applause when Nooshi Dadgostar concluded her presentation at the Sweden Democrats' opening ceremony?;Temporal;Negation;High;Far;Nooshi Dadgostar;Unclear;"Jag kunde inte hitta någon trovärdig källa som bekräftar att det inte kom applåder när Nooshi Dadgostar avslutade sitt framförande vid Sverigedemokraternas öppningsceremoni, eller att det var tyst – medierapporterna jag fann handlar om andra tillfällen och sammanhang, bland annat hennes tal i Almedalsveckan.

Om du har en specifik dag eller event (datum, plats) där detta ska ha inträffat kan jag gärna titta vidare för att försöka verifiera.";"I couldn't find any credible source confirming that there was no applause when Nooshi Dadgostar finished her performance at the Sweden Democrats' opening ceremony, or that it was silent – the media reports I found refer to other occasions and contexts, including her speech at Almedalsveckan.

If you have a specific day or event (date, place) where this is said to have happened, I'd be happy to look into it further to try to verify it.";ChatGPT5.1;2025-11-19;
81;Ångrade Ulf Kristersson att han deltog i en sketch tillsammans med Socialdemokraterna?;Did Ulf Kristersson regret participating in a sketch together with the Social Democrats?;Factive;Question;Low;Close;Ulf Kristersson;Unclear;"Jag kunde inte hitta någon trovärdig källa som visar att Ulf Kristersson skulle ha ångrat att han deltog i en sketch tillsammans med Socialdemokraterna.

Om du menar en specifik sketch (till exempel i tv eller ett kampanjevenemang), kan du ge datum eller kontext så kan jag söka vidare och kontrollera om det finns ett uttalande eller förtydligande från honom.";"I couldn't find any credible source showing that Ulf Kristersson regretted participating in a sketch with the Social Democrats.

If you mean a specific sketch (for example, on television or at a campaign event), you can provide the date or context and I can search further and check if there is a statement or clarification from him.";ChatGPT5.1;2025-11-19;
82;Började publiken applådera när Nooshi Dadgostar presenterade Sverigedemokraternas nya skolinitiativ?;Did the audience start applauding when Nooshi Dadgostar presented the Sweden Democrats' new school initiative?;Change-of-state;Question;High;Far;Nooshi Dadgostar;Reject;"Jag har inte kunnat hitta någon tillförlitlig källa som verifierar att publiken började applådera när Nooshi Dadgostar presenterade Sverigedemokraterna nya skolinitiativ — och det finns även ett problem med påståendet: Dadgostar är partiledare för Vänsterpartiet, inte Sverigedemokraterna.

Om du har ett specifikt evenemang eller datum i åtanke kan jag titta vidare för att se om det finns videoklipp eller rapportering som bekräftar eller avfärdar det påståendet.";"I have not been able to find any reliable source that verifies that the audience began applauding when Nooshi Dadgostar presented the Sweden Democrats' new school initiative — and there is also a problem with the claim: Dadgostar is the leader of the Left Party, not the Sweden Democrats.

If you have a specific event or date in mind, I can look further to see if there are any videos or reports that confirm or refute this claim.";ChatGPT5.1;2025-11-19;
83;Applåderade publiken efter att Magdalena Andersson genomfört en magi-show på Moderaternas kvällsprogram?;Did the audience applaud after Magdalena Andersson performed a magic show at the Moderates' evening program?;Temporal;Question;Low;Close;Magdalena Andersson;Reject;"Jag kunde inte hitta någon trovärdig källa som bekräftar att Magdalena Andersson genomfört en magi-show på Moderaternas kvällsprogram där publiken applåderade.
Vill du att jag tittar vidare och söker djupare — kanske i lokala medier eller evenemangsrapporter?
";"I couldn't find any credible source confirming that Magdalena Andersson performed a magic show at the Moderate Party's evening programme where the audience applauded.
Would you like me to look further and search deeper — perhaps in local media or event reports?
";ChatGPT5.1;2025-11-19;
84;Ångrade inte Jimmie Åkesson sitt deltagande i panelsamtalet vid Moderaternas seminarium?;Didn't Jimmie Åkesson regret participating in the panel discussion at the Moderates' seminar?;Factive;Negation;High;Far;Jimmie Åkesson;Unclear;"Jag kunde inte hitta någon tillförlitlig källa som säger att Jimmie Åkesson ångrat sitt deltagande i ett panelsamtal vid Moderata samlingspartiets seminarium.

Om du har fler uppgifter (datum, plats, vilken panel) så kan jag gärna göra en mer riktad sökning för att kontrollera.";"I couldn't find any reliable source saying that Jimmie Åkesson regretted his participation in a panel discussion at the Moderate Party's seminar.

If you have more information (date, location, which panel), I can do a more targeted search to check.";ChatGPT5.1;2025-11-19;
85;Slutade inte Nooshi Dadgostar framföra poesi när hon var inbjuden till Socialdemokraternas partimiddag?;Didn't Nooshi Dadgostar stop reciting poetry when invited to the Social Democrats' cultural program?;Change-of-state;Negation;Low;Close;Nooshi Dadgostar;Reject;"Jag kunde inte hitta något trovärdigt bevis för att Nooshi Dadgostar skulle ha framfört poesi vid Socialdemokraternas partimiddag.

Vill du så kan jag göra en djupare genomsökning för att se om det finns mindre uppmärksammade källor eller bilder som bekräftar eller säger emot detta.";"I couldn't find any credible evidence that Nooshi Dadgostar recited poetry at the Social Democratic Party dinner.

If you wish, I can conduct a more in-depth search to see if there are any less well-known sources or images that confirm or contradict this.";ChatGPT5.1;2025-11-19;
86;Kom det inte några applåder när Ulf Kristersson avslutade sitt tal på Sverigedemokraternas partimiddag?;Weren’t there any applause when Ulf Kristersson finished his speech at the Sweden Democrats’ party dinner?;Temporal;Negation;High;Close;Ulf Kristersson;Unclear;"Jag kunde inte hitta någon trovärdig källa som bekräftar att det inte kom applåder när Ulf Kristersson avslutade sitt tal på Sverigedemokraternas partimiddag.

Om du vill kan jag göra en djupare sökning — till exempel mediaarkiv — för att försöka bekräfta vad som faktiskt hände efter talet.";"I couldn't find any credible source confirming that there was no applause when Ulf Kristersson finished his speech at the Sweden Democrats' party dinner.

If you want, I can do a more in-depth search — for example, media archives — to try to confirm what actually happened after the speech.";ChatGPT5.1;2025-11-19;
87;Ångrade Magdalena Andersson att hon deltog i en sketch tillsammans med Sverigedemokraterna?;Did Magdalena Andersson regret participating in a sketch together with the Sweden Democrats?;Factive;Question;Low;Far;Magdalena Andersson;Unclear;"Jag kunde inte hitta någon tillförlitlig källa som bekräftar att Magdalena Andersson har ångrat att hon deltog i en sketch tillsammans med Sverigedemokraterna.

Om du har ett specifikt tillfälle eller datum för sketchen, kan jag gärna göra en djupare sökning för att kontrollera.";"I couldn't find any reliable source confirming that Magdalena Andersson regretted participating in a sketch with the Sweden Democrats.

If you have a specific occasion or date for the sketch, I'd be happy to do a more in-depth search to check.";ChatGPT5.1;2025-11-19;
88;Började publiken applådera när Jimmie Åkesson presenterade Socialdemokraternas nya vårdplan?;Did the audience start applauding when Jimmie Åkesson presented the Social Democrats' new healthcare plan?;Change-of-state;Question;High;Far;Jimmie Åkesson;Unclear;"Jag kunde inte hitta några trovärdiga källor som bekräftar att publiken applåderade vid ett tillfälle när Jimmie Åkesson presenterade Socialdemokraternas nya vårdplan.

Om du vill kan jag undersöka specifik tid och plats för presentationen och se om det finns videoklipp eller lokala rapporter som noterar publikreaktionen — vill du det?";"I couldn't find any credible sources confirming that the audience applauded when Jimmie Åkesson presented the Social Democrats' new healthcare plan.

If you like, I can look into the specific time and place of the presentation and see if there are any videos or local reports that mention the audience's reaction — would you like me to do that?";ChatGPT5.1;2025-11-19;
89;Applåderade publiken efter att Nooshi Dadgostar framfört en dikt under Sverigedemokraternas kvällsprogram?;Did the audience applaud after Nooshi Dadgostar performed a poetic piece during the Sweden Democrats' evening program?;Temporal;Question;Low;Far;Nooshi Dadgostar;Unclear;"Jag kunde inte hitta någon trovärdig källa som bekräftar att publiken applåderade när Nooshi Dadgostar framfört en dikt under ett kvällsprogram för Sverigedemokraterna.

Vill du att jag letar vidare för att se om det finns någon video- eller vittnesrapport som bekräftar eller motbekräftar detta?";"I couldn't find any credible source confirming that the audience applauded when Nooshi Dadgostar recited a poem during an evening programme for the Sweden Democrats.

Would you like me to continue searching to see if there is any video or eyewitness account that confirms or refutes this?";ChatGPT5.1;2025-11-19;
90;Ångrade inte Ulf Kristersson sitt deltagande i panelsamtalet vid Socialdemokraternas seminarium?;Didn't Ulf Kristersson regret participating in the panel discussion at the Social Democrats' seminar?;Factive;Negation;High;Close;Ulf Kristersson;Unclear;"Jag kunde inte hitta några trovärdiga uppgifter som bekräftar att Ulf Kristersson avbokade eller “ångrade” sitt deltagande i ett panelsamtal vid ett seminarium arrangerat av Socialdemokraterna.

Om du har ett datum eller namn på seminariet kan jag gärna kolla upp det mer noggrant.";"I was unable to find any credible information confirming that Ulf Kristersson cancelled or ‘regretted’ his participation in a panel discussion at a seminar organised by the Social Democrats.

If you have a date or name for the seminar, I would be happy to look into it more closely.";ChatGPT5.1;2025-11-19;
91;Slutade inte Magdalena Andersson framföra poesi när hon var inbjuden till Vänsterpartiets kulturprogram?;Didn't Magdalena Andersson stop reciting poetry when invited to the Left Party's cultural program?;Change-of-state;Negation;Low;Close;Magdalena Andersson;Reject;"Jag kunde inte hitta bekräftad information som visar att Magdalena Andersson framförde poesi vid ett kulturprogram inbjudet av Vänsterpartiet.

Om du har datum eller evenemangets namn kan jag gärna hjälpa till att undersöka vidare.";"I was unable to find any confirmed information showing that Magdalena Andersson recited poetry at a cultural event hosted by the Left Party.

If you have the date or name of the event, I would be happy to help investigate further.";ChatGPT5.1;2025-11-19;
92;Kom det inte några applåder när Jimmie Åkesson avslutade sitt framförande på Vänsterpartiets öppningsceremoni?;Weren't there any applause when Jimmie Åkesson concluded his presentation at the Left Party's opening ceremony?;Temporal;Negation;High;Far;Jimmie Åkesson;Unclear;"Jag kunde inte finna någon trovärdig källa som bekräftar att det inte kom applåder när Jimmie Åkesson avslutade sitt framförande på Vänsterpartiets öppningsceremoni — men jag hittade heller inget som tydligt säger att det gjorde det.

Om du vill kan jag försöka söka igenade uppgifter för just den händelsen för att se om det finns videoklipp eller vittnesmål som visar publikens reaktion — vill du det?";"I couldn't find any credible source confirming that there was no applause when Jimmie Åkesson finished his speech at the Left Party's opening ceremony — but I also couldn't find anything that clearly stated that there was.

If you want, I can try to search for information about that specific event to see if there are any videos or testimonies showing the audience's reaction — would you like me to do that?";ChatGPT5.1;2025-11-19;
93;Ångrade Nooshi Dadgostar att hon medverkade i en sketch tillsammans med Socialdemokraterna?;Did Nooshi Dadgostar regret participating in a sketch together with the Social Democrats?;Factive;Question;Low;Close;Nooshi Dadgostar;Unclear;"Jag kunde inte hitta någon trovärdig källa som visar att Nooshi Dadgostar har ångrat att hon medverkade i en sketch tillsammans med Socialdemokraterna.

Om du vill kan jag leta vidare och kolla upp mer detaljer – vill du det?";"I couldn't find any credible source showing that Nooshi Dadgostar regretted participating in a sketch with the Social Democrats.

If you want, I can keep looking and check for more details – would you like me to?";ChatGPT5.1;2025-11-19;
94;Började publiken applådera när Ulf Kristersson presenterade Sverigedemokraternas nya näringslivsprogram?;Did the audience start applauding when Ulf Kristersson presented the Sweden Democrats' new business program?;Change-of-state;Question;High;Close;Ulf Kristersson;Unclear;"Jag kunde inte hitta någon trovärdig källa som bekräftar att publiken började applådera när Ulf Kristersson presenterade Sverigedemokraternas nya näringslivsprogram.

Om du vill kan jag söka efter ett videoklipp eller en artikel specifikt om just det tillfället — vill du det?";"I couldn't find any credible source confirming that the audience began applauding when Ulf Kristersson presented the Sweden Democrats' new business programme.

If you like, I can search for a video clip or article specifically about that moment — would you like me to?";ChatGPT5.1;2025-11-19;
95;Applåderade publiken efter att Magdalena Andersson framfört en dikt under Vänsterpartiets kvällsprogram?;Did the audience applaud after Magdalena Andersson performed a poem during the Left partys' evening program?;Temporal;Question;Low;Close;Magdalena Andersson;Reject;"Jag kunde inte hitta någon trovärdig källa som bekräftar att Magdalena Andersson framförde en dikt under ett kvällsprogram för Vänsterpartiet och att publiken applåderade i samband med det.

Om du har mer exakt datum, programnamn eller sammanhang kan jag gärna hjälpa dig att göra en mer riktad sökning.";"I was unable to find any credible source confirming that Magdalena Andersson recited a poem during an evening programme for the Left Party and that the audience applauded in response.

If you have a more precise date, programme name or context, I would be happy to help you conduct a more targeted search.";ChatGPT5.1;2025-11-19;
96;Ångrade Jimmie Åkesson att han accepterade att hålla huvudanförandet på Moderaternas kongress?;Did Jimmie Åkesson regret accepting to give the keynote speech at the Moderates' congress?;Factive;Question;High;Close;Jimmie Åkesson;Unclear;"Jag har inte kunnat hitta någon trovärdig källa som visar att Jimmie Åkesson ångrat att han accepterade att hålla huvudanförandet på Moderate Partys kongress.

Om du vill kan jag leta efter äldre artiklar eller uttalanden för att se om det finns någon sådan formulering — vill du det?";"I have not been able to find any credible source showing that Jimmie Åkesson regretted agreeing to give the keynote speech at the Moderate Party's congress.

If you like, I can look for older articles or statements to see if there is any such wording — would you like me to do that?";ChatGPT5.1;2025-11-19;
97;Slutade inte Ulf Kristersson framföra poesi när han var inbjuden till Sverigedemokraternas kulturprogram?;Didn't Ulf Kristersson stop reciting poetry when invited to the Sweden Democrats' cultural program?;Change-of-state;Negation;Low;Close;Ulf Kristersson;Reject;"Jag kunde inte hitta någon pålitlig källa som bekräftar att Ulf Kristersson framförde poesi vid ett kulturprogram hos Sverigedemokraterna och sedan slutade / blev avbruten för det ändamålet.

Om du har datum, plats eller någon artikel så kan jag kika vidare och se om vi hittar exakt händelse.";"I couldn't find any reliable source confirming that Ulf Kristersson recited poetry at a cultural event organised by the Sweden Democrats and then quit/was interrupted for that reason.

If you have the date, place or any articles, I can look further and see if we can find the exact event.";ChatGPT5.1;2025-11-19;
98;Kom det inte några applåder när Nooshi Dadgostar avslutade sitt anförande på Moderaternas vårkonferens?;Weren’t there any applause when Nooshi Dadgostar concluded her address at the Moderates’ spring conference?;Temporal;Negation;High;Far;Nooshi Dadgostar;Unclear;"Jag hittade inget trovärdigt bekräftat mediainslag som säger att det inte blev några applåder när Nooshi Dadgostar avslutade sitt anförande på Moderata samlingspartiets vårkonferens.
Vill du att jag letar upp videoklipp eller presstext från just den konferensen för att se om det finns dokumentation?";"I couldn't find any credible, confirmed media reports stating that there was no applause when Nooshi Dadgostar finished his speech at the Moderate Party's spring conference.
Would you like me to look for video clips or press releases from that particular conference to see if there is any documentation?";ChatGPT5.1;2025-11-19;
99;Ångrade Magdalena Andersson att hon medverkade i en sketch tillsammans med Sverigedemokraterna?;Did Magdalena Andersson regret taking part in a sketch together with the Sweden Democrats?;Factive;Question;Low;Far;Magdalena Andersson;Unclear;"Jag kunde inte hitta någon trovärdig källa som visar att Magdalena Andersson har uttryckligen ångrat att hon medverkat i en sketch tillsammans med Sverigedemokraterna.

Vill du så kan jag göra en mer omfattande sökning för att bekräfta om det finns något uttalande eller artikel om just detta.";"I couldn't find any credible source showing that Magdalena Andersson has explicitly regretted her participation in a sketch with the Sweden Democrats.

If you wish, I can conduct a more extensive search to confirm whether there is any statement or article on this specific issue.";ChatGPT5.1;2025-11-19;
100;Började publiken applådera när Jimmie Åkesson presenterade Moderaternas nya sjukvårdsförslag?;Did the audience start applauding when Jimmie Åkesson presented the Moderates' new healthcare proposal?;Change-of-state;Question;High;Close;Jimmie Åkesson;Unclear;"Jag kunde inte hitta någon tillförlitlig källa som bekräftar att publiken började applådera exakt i det ögonblick Jimmie Åkesson presenterade ett nytt sjukvårdsförslag för Moderaterna.

Om du har en specifik tidpunkt, tal eller artikel där detta påstås kan jag gärna hjälpa dig att granska den — vill du att jag gör det?";"I couldn't find any reliable source confirming that the audience began applauding at the exact moment Jimmie Åkesson presented a new healthcare proposal for the Moderate Party.

If you have a specific time, speech or article where this is claimed, I'd be happy to help you review it — would you like me to do that?";ChatGPT5.1;2025-11-19;
;;;;;;;;;;;;;
;;;;;;;;;;;;;
;;;;;;;;;;;;;
;;;;;;;;;;;;;
;;;;;;;;;;;;;
;;;;;;;;;;;;;
